Unit_Type,Hot_Stream,Cold_Stream,Stage,Heat_Duty_kW,Area_m2,LMTD_K,Hot_In_K,Hot_Out_K,Hot_Stream_FCp,Hot_Stream_Split_Ratio,Cold_In_K,Cold_Out_K,Cold_Stream_FCp,Cold_Stream_Split_Ratio
Process_Exchanger,H1,C1,1,264.2149107422191,17.443760172678243,18.933339782156942,443.0,333.53683506344015,2.413733523010656,0.08045778410035519,324.78925531010975,408.00000085071326,3.175249891413277,0.15876249457066385
Process_Exchanger,H1,C2,1,2400.0,255.83760947081007,11.726188366930806,443.0,356.00018790139933,27.586266476989348,0.9195422158996449,353.0,413.0,40.0,1.0
Process_Exchanger,H2,C1,1,1400.0000000698512,194.22031301187857,9.01038605565569,423.0,329.6666666620099,14.999999999999998,0.9999999999999999,324.78925531010975,408.00000085071326,16.824750108586723,0.8412375054293362
Process_Exchanger,H1,C1,2,635.7851062021956,23.082222779760784,34.430452835313154,354.1928363085927,332.99999943518617,30.0,1.0,293.0,324.78925531010975,20.000000000000018,1.0000000000000009
Cooler,H2,N/A,N/A,400.00008971380083,0,13.050770466644943,329.6666726475867,303.0,N/A,N/A,293.0,313.0,N/A,N/A
