Unit_Type,Hot_Stream,Cold_Stream,Stage,Heat_Duty_kW,Area_m2,LMTD_K,Hot_In_K,Hot_Out_K,Hot_Stream_FCp,Hot_Stream_Split_Ratio,Cold_In_K,Cold_Out_K,Cold_Stream_FCp,Cold_Stream_Split_Ratio
Process_Exchanger,H1,C1,1,1042.5330372184046,100.01748564594932,13.029384693153238,443.0,358.85776394357504,12.390127551629268,0.4130042517209756,355.8577711240317,407.9844229849519,20.000000000000004,1.0000000000000002
Process_Exchanger,H1,C2,1,1492.2369029780268,131.25723252795575,14.21099693173292,443.0,358.2613451714076,17.60987244837073,0.5869957482790243,353.0,413.0,24.87061504963378,0.6217653762408445
Process_Exchanger,H2,C2,1,907.7630970219731,116.51207091248138,9.738938312493001,423.0,362.48246019853514,15.000000000000002,1.0000000000000002,353.0,413.0,15.129384950366218,0.37823462375915545
Process_Exchanger,H1,C1,2,765.2302034127013,57.70408188591151,16.5766046872919,358.50766866011895,332.9999952130289,30.0,1.0,293.0,353.72929444297404,12.600676665711422,0.630033833285571
Process_Exchanger,H2,C1,2,491.92521906793246,45.70298090607957,13.454407385342309,362.48246019853514,329.6874455940063,15.0,1.0,293.0,359.48246019853514,7.3993233342885745,0.3699661667144287
Cooler,H2,N/A,N/A,400.3116839100946,0,13.05959131033191,329.6874455940063,303.0,N/A,N/A,293.0,313.0,N/A,N/A
Heater,N/A,C1,N/A,0.31168391009487095,0,42.007791615966944,450.0,450.0,N/A,N/A,407.98441580449526,408.0,N/A,N/A
